year,team,wins,losses,win_loss_perc,points,points_opp,points_diff,mov,g,total_yards,plays_offense,yds_per_play_offense,turnovers,fumbles_lost,first_down,pass_cmp,pass_att,pass_yds,pass_td,pass_int,pass_net_yds_per_att,pass_fd,rush_att,rush_yds,rush_td,rush_yds_per_att,rush_fd,penalties,penalties_yds,pen_fd,score_pct,turnover_pct,exp_pts_tot,ties
2022,Buffalo Bills,13,3,0.813,455,286,169,,16,6361,1037,6.1,27,13,367,361,574,4129,35,14,6.8,212,430,2232,15,5.2,128,92,709,27,45.0,15.2,157.46,0
2022,Miami Dolphins,9,8,0.529,397,399,-2,,17,6197,1009,6.1,21,6,342,368,584,4511,30,15,7.3,220,390,1686,12,4.3,93,111,881,29,38.8,11.8,79.06,0
2022,New England Patriots,8,9,0.471,364,347,17,,17,5348,1006,5.3,23,9,288,358,540,3536,19,14,6.1,166,425,1812,12,4.3,98,104,841,24,32.8,12.0,-25.81,0
2022,New York Jets,7,10,0.412,296,316,-20,,17,5409,1074,5.0,23,9,294,357,627,3723,15,14,5.6,191,405,1686,13,4.2,79,91,866,24,29.9,11.9,-47.59,0
2022,Cincinnati Bengals,12,4,0.75,418,322,96,,16,5768,1053,5.5,18,6,357,418,610,4240,35,12,6.5,221,399,1528,14,3.8,96,81,623,40,41.5,9.7,147.62,0
2022,Baltimore Ravens,10,7,0.588,350,315,35,,17,5760,1052,5.5,21,8,337,300,488,3040,19,13,5.8,149,526,2720,14,5.2,167,82,678,21,38.9,11.7,48.17,0
2022,Pittsburgh Steelers,9,8,0.529,308,346,-38,,17,5484,1109,4.9,19,5,345,364,571,3411,12,14,5.6,189,500,2073,16,4.1,129,94,711,27,35.0,9.6,42.17,0
2022,Cleveland Browns,7,10,0.412,361,381,-20,,17,5934,1116,5.3,21,9,350,335,540,3444,19,12,5.9,182,532,2490,19,4.7,142,102,865,26,34.6,11.2,58.03,0
2022,Jacksonville Jaguars,9,8,0.529,404,350,54,,17,6075,1072,5.7,22,13,352,394,596,3959,25,9,6.3,208,448,2116,16,4.7,114,90,674,30,39.2,12.2,103.21,0
2022,Tennessee Titans,7,10,0.412,298,359,-61,,17,5045,992,5.1,23,12,277,285,456,2914,16,11,5.8,153,487,2131,16,4.4,104,111,956,20,27.9,10.5,-27.22,0
2022,Indianapolis Colts,4,12,0.265,289,427,-138,,17,5298,1103,4.8,34,14,310,398,604,3432,17,20,5.2,193,439,1866,8,4.3,91,89,794,26,29.2,16.9,-110.46,1
2022,Houston Texans,3,13,0.206,289,420,-131,,17,4820,1015,4.7,28,9,277,352,579,3344,20,19,5.4,159,398,1476,7,3.7,90,88,644,28,28.8,13.6,-120.59,1
2022,Kansas City Chiefs,14,3,0.824,496,369,127,,17,7032,1094,6.4,23,11,408,435,651,5062,41,12,7.5,272,417,1970,18,4.7,105,87,838,31,46.4,10.1,281.0,0
2022,Los Angeles Chargers,10,7,0.588,391,384,7,,17,6108,1154,5.3,19,9,352,485,711,4584,26,10,6.1,232,404,1524,15,3.8,93,81,635,27,38.1,9.5,75.75,0
2022,Las Vegas Raiders,6,11,0.353,395,418,-23,,17,5993,1049,5.7,21,4,343,359,586,3934,28,17,6.3,193,428,2059,12,4.8,122,113,932,28,42.4,12.2,74.09,0
2022,Denver Broncos,5,12,0.294,287,359,-72,,17,5527,1078,5.1,24,9,300,345,571,3592,18,15,5.7,166,444,1935,11,4.4,105,113,970,29,28.6,10.6,-41.62,0
2022,Philadelphia Eagles,14,3,0.824,477,344,133,,17,6614,1124,5.9,19,10,385,350,536,4105,25,9,7.1,195,544,2509,32,4.6,161,90,682,29,42.5,10.2,226.96,0
2022,Dallas Cowboys,12,5,0.706,467,342,125,,17,6034,1114,5.4,23,5,347,355,556,3736,28,18,6.4,194,531,2298,24,4.3,129,104,842,24,41.5,10.8,112.34,0
2022,New York Giants,9,7,0.559,365,371,-6,,17,5676,1089,5.2,16,10,352,346,520,3157,17,6,5.5,170,520,2519,21,4.8,150,106,827,32,37.3,7.3,78.05,1
2022,Washington Commanders,8,8,0.5,321,343,-22,,17,5615,1140,4.9,23,7,339,344,554,3472,24,16,5.8,184,538,2143,9,4.0,124,92,805,31,29.4,11.7,-24.27,1
2022,Minnesota Vikings,13,4,0.765,424,427,-3,,17,6145,1123,5.5,23,8,382,448,672,4484,30,15,6.2,244,404,1661,18,4.1,93,88,684,45,36.0,11.7,89.64,0
2022,Detroit Lions,9,8,0.529,453,427,26,,17,6460,1092,5.9,15,8,376,383,588,4281,29,7,7.0,228,480,2179,23,4.5,114,90,773,34,43.2,8.0,162.04,0
2022,Green Bay Packers,8,9,0.471,370,371,-1,,17,5745,1051,5.5,22,10,334,364,563,3632,27,12,6.1,186,456,2113,12,4.6,116,89,747,32,36.2,11.3,68.9,0
2022,Chicago Bears,3,14,0.176,326,463,-137,,17,5233,993,5.3,25,10,278,223,377,2219,19,15,5.1,109,558,3014,18,5.4,148,80,754,21,34.3,12.7,-7.14,0
2022,Tampa Bay Buccaneers,8,9,0.471,313,358,-45,,17,5894,1159,5.1,22,12,346,499,751,4586,26,10,5.9,240,386,1308,5,3.4,79,99,793,27,32.0,10.3,1.03,0
2022,Carolina Panthers,7,10,0.412,347,374,-27,,17,5206,976,5.3,21,8,281,267,457,2996,16,13,6.1,138,483,2210,16,4.6,119,104,862,24,35.3,9.6,-5.06,0
2022,New Orleans Saints,7,10,0.412,330,345,-15,,17,5674,1015,5.6,25,11,305,338,512,3692,24,14,6.7,181,465,1982,12,4.3,103,99,841,21,31.7,12.9,17.3,0
2022,Atlanta Falcons,7,10,0.412,365,386,-21,,17,5417,1011,5.4,21,12,330,257,415,2699,17,9,6.0,148,559,2718,17,4.9,152,68,594,30,39.5,11.4,73.69,0
2022,San Francisco 49ers,13,4,0.765,450,277,173,,17,6216,1047,5.9,17,8,347,338,512,3856,30,9,7.1,188,504,2360,20,4.7,132,94,730,27,41.4,9.1,161.29,0
2022,Seattle Seahawks,9,8,0.529,407,401,6,,17,5976,1044,5.7,23,11,346,399,573,3934,30,12,6.4,206,425,2042,12,4.8,106,106,854,34,40.6,11.2,63.6,0
2022,Los Angeles Rams,5,12,0.294,307,384,-77,,17,4769,1001,4.8,23,8,293,347,531,3108,16,15,5.3,181,411,1661,15,4.0,89,76,655,23,33.5,13.1,-7.51,0
2022,Arizona Cardinals,4,13,0.235,340,449,-109,,17,5499,1144,4.8,25,8,326,433,664,3626,17,17,5.1,189,434,1873,15,4.3,115,118,916,22,32.1,12.8,-36.27,0
